[{"id":0,"parent":-1,"joint":"heavy","name":"cabinet_frame","parts":[{"id":9,"name":"vertical_side_panel","children":[]},{"id":10,"name":"vertical_side_panel","children":[]},{"id":11,"name":"back_panel","children":[]},{"id":12,"name":"bottom_panel","children":[]},{"id":13,"name":"top_panel","children":[]},{"id":14,"name":"frame_vertical_bar","children":[]},{"id":15,"name":"frame_vertical_bar","children":[]},{"id":16,"name":"frame_vertical_bar","children":[]},{"id":17,"name":"frame_horizontal_bar","children":[]},{"id":18,"name":"frame_horizontal_bar","children":[]},{"id":19,"name":"frame_horizontal_bar","children":[]},{"id":20,"name":"frame_horizontal_bar","children":[]},{"id":22,"name":"other_leaf","children":[]}],"jointData":{}},{"id":1,"parent":0,"joint":"hinge","name":"cabinet_door","parts":[{"id":7,"name":"cabinet_door_surface","children":[]},{"id":8,"name":"handle","children":[]}],"jointData":{"axis":{"origin":[0.7867098563218806,0.3957898315536361,0.3042874010246475],"direction":[0,1,0]},"limit":{"a":0,"b":90.72,"noLimit":false}}},{"id":2,"parent":0,"joint":"hinge","name":"cabinet_door","parts":[{"id":5,"name":"cabinet_door_surface","children":[]},{"id":6,"name":"handle","children":[]}],"jointData":{"axis":{"origin":[-0.7827209824344686,-0.42689734529751444,0.30638481819323704],"direction":[0,-1,0]},"limit":{"a":0,"b":90.72,"noLimit":false}}}]