[{"text": "storage_furniture", "children": [{"text": "cabinet", "children": [{"text": "cabinet_frame", "children": [{"text": "vertical_side_panel", "objs": ["original-10"], "id": 3, "name": "vertical_side_panel", "ori_id": 9}, {"text": "vertical_side_panel", "objs": ["original-9"], "id": 4, "name": "vertical_side_panel", "ori_id": 10}, {"text": "back_panel", "objs": ["original-7", "original-8"], "id": 5, "name": "back_panel", "ori_id": 11}, {"text": "bottom_panel", "objs": ["original-3", "original-2"], "id": 6, "name": "bottom_panel", "ori_id": 12}, {"text": "top_panel", "objs": ["original-15", "original-14"], "id": 7, "name": "top_panel", "ori_id": 13}, {"text": "frame_vertical_bar", "objs": ["original-18"], "id": 8, "name": "frame_vertical_bar", "ori_id": 14}, {"text": "frame_vertical_bar", "objs": ["original-11"], "id": 9, "name": "frame_vertical_bar", "ori_id": 15}, {"text": "frame_vertical_bar", "objs": ["original-12"], "id": 10, "name": "frame_vertical_bar", "ori_id": 16}, {"text": "frame_horizontal_bar", "objs": ["original-5"], "id": 11, "name": "frame_horizontal_bar", "ori_id": 17}, {"text": "frame_horizontal_bar", "objs": ["original-16"], "id": 12, "name": "frame_horizontal_bar", "ori_id": 18}, {"text": "frame_horizontal_bar", "objs": ["original-17"], "id": 13, "name": "frame_horizontal_bar", "ori_id": 19}, {"text": "frame_horizontal_bar", "objs": ["original-4"], "id": 14, "name": "frame_horizontal_bar", "ori_id": 20}], "ori_id": 2, "name": "cabinet_frame", "objs": ["original-10", "original-9", "original-7", "original-8", "original-3", "original-2", "original-15", "original-14", "original-18", "original-11", "original-12", "original-5", "original-16", "original-17", "original-4", "original-59"], "id": 2}, {"text": "cabinet_door", "children": [{"text": "cabinet_door_surface", "objs": ["original-44", "original-40", "original-46", "original-50", "original-42", "original-45", "original-43", "original-47", "original-41", "original-49"], "id": 16, "name": "cabinet_door_surface", "ori_id": 7}, {"text": "handle", "objs": ["original-58", "original-57", "original-56", "original-54", "original-53"], "id": 17, "name": "handle", "ori_id": 8}], "ori_id": 3, "name": "cabinet_door", "objs": ["original-44", "original-40", "original-46", "original-50", "original-42", "original-45", "original-43", "original-47", "original-41", "original-49", "original-58", "original-57", "original-56", "original-54", "original-53"], "id": 15}, {"text": "cabinet_door", "children": [{"text": "cabinet_door_surface", "objs": ["original-30", "original-26", "original-20", "original-24", "original-21", "original-27", "original-23", "original-25", "original-22", "original-29"], "id": 19, "name": "cabinet_door_surface", "ori_id": 5}, {"text": "handle", "objs": ["original-38", "original-37", "original-34", "original-36", "original-33"], "id": 20, "name": "handle", "ori_id": 6}], "ori_id": 4, "name": "cabinet_door", "objs": ["original-30", "original-26", "original-20", "original-24", "original-21", "original-27", "original-23", "original-25", "original-22", "original-29", "original-38", "original-37", "original-34", "original-36", "original-33"], "id": 18}], "ori_id": 1, "name": "cabinet", "objs": ["original-10", "original-9", "original-7", "original-8", "original-3", "original-2", "original-15", "original-14", "original-18", "original-11", "original-12", "original-5", "original-16", "original-17", "original-4", "original-59", "original-44", "original-40", "original-46", "original-50", "original-42", "original-45", "original-43", "original-47", "original-41", "original-49", "original-58", "original-57", "original-56", "original-54", "original-53", "original-30", "original-26", "original-20", "original-24", "original-21", "original-27", "original-23", "original-25", "original-22", "original-29", "original-38", "original-37", "original-34", "original-36", "original-33"], "id": 1}], "ori_id": 0, "name": "storage_furniture", "objs": ["original-10", "original-9", "original-7", "original-8", "original-3", "original-2", "original-15", "original-14", "original-18", "original-11", "original-12", "original-5", "original-16", "original-17", "original-4", "original-59", "original-44", "original-40", "original-46", "original-50", "original-42", "original-45", "original-43", "original-47", "original-41", "original-49", "original-58", "original-57", "original-56", "original-54", "original-53", "original-30", "original-26", "original-20", "original-24", "original-21", "original-27", "original-23", "original-25", "original-22", "original-29", "original-38", "original-37", "original-34", "original-36", "original-33"], "id": 0}]