[{"text": "Storage Furniture", "children": [{"text": "Cabinet", "children": [{"text": "Cabinet frame", "children": [{"text": "Vertical side panel", "objs": ["original-10"], "id": 9, "name": "vertical_side_panel"}, {"text": "Vertical side panel", "objs": ["original-9"], "id": 10, "name": "vertical_side_panel"}, {"text": "Back panel", "objs": ["original-7", "original-8"], "id": 11, "name": "back_panel"}, {"text": "Bottom panel", "objs": ["original-3", "original-2"], "id": 12, "name": "bottom_panel"}, {"text": "Top panel", "objs": ["original-15", "original-14"], "id": 13, "name": "top_panel"}, {"text": "Vertical support bar", "objs": ["original-18"], "id": 14, "name": "frame_vertical_bar"}, {"text": "Vertical support bar", "objs": ["original-11"], "id": 15, "name": "frame_vertical_bar"}, {"text": "Vertical support bar", "objs": ["original-12"], "id": 16, "name": "frame_vertical_bar"}, {"text": "Horizontal support bar", "objs": ["original-5"], "id": 17, "name": "frame_horizontal_bar"}, {"text": "Horizontal support bar", "objs": ["original-16"], "id": 18, "name": "frame_horizontal_bar"}, {"text": "Horizontal support bar", "objs": ["original-17"], "id": 19, "name": "frame_horizontal_bar"}, {"text": "Horizontal support bar", "objs": ["original-4"], "id": 20, "name": "frame_horizontal_bar"}, {"text": "rectangle (other)", "children": [{"text": "other_leaf", "objs": ["original-59"], "id": 22, "name": "other_leaf"}], "id": 21, "name": "other"}], "id": 2, "name": "cabinet_frame"}, {"text": "Cabinet door", "children": [{"text": "Cabinet door surface", "objs": ["original-44", "original-40", "original-46", "original-50", "original-42", "original-45", "original-43", "original-47", "original-41", "original-49"], "id": 7, "name": "cabinet_door_surface"}, {"text": "Handle", "objs": ["original-58", "original-57", "original-56", "original-54", "original-53"], "id": 8, "name": "handle"}], "id": 3, "name": "cabinet_door"}, {"text": "Cabinet door", "children": [{"text": "Cabinet door surface", "objs": ["original-30", "original-26", "original-20", "original-24", "original-21", "original-27", "original-23", "original-25", "original-22", "original-29"], "id": 5, "name": "cabinet_door_surface"}, {"text": "Handle", "objs": ["original-38", "original-37", "original-34", "original-36", "original-33"], "id": 6, "name": "handle"}], "id": 4, "name": "cabinet_door"}], "id": 1, "name": "cabinet"}], "id": 0, "name": "storage_furniture"}]