[{"id":0,"parent":-1,"joint":"heavy","name":"frame","parts":[{"id":5,"name":"frame","children":[]}],"jointData":{}},{"id":1,"parent":0,"joint":"hinge","name":"door_frame","parts":[{"id":11,"name":"door_frame","children":[]}],"jointData":{"axis":{"origin":[-0.418899131366169,0.8012689999999996,0.3155980612593349],"direction":[0,-1,0]},"limit":{"a":0,"b":180,"noLimit":false}}},{"id":2,"parent":0,"joint":"hinge","name":"door_frame","parts":[{"id":10,"name":"door_frame","children":[]}],"jointData":{"axis":{"origin":[0.462520215344883,0.8252869999999999,0.2912614481365744],"direction":[0,-1,0]},"limit":{"a":0,"b":-180,"noLimit":false}}}]