[{"text": "refrigerator", "ori_id": 0, "id": 0, "name": "refrigerator", "children": [{"text": "body", "ori_id": 1, "id": 1, "name": "body", "children": [{"text": "frame", "name": "frame", "ori_id": 5, "objs": ["new-3", "new-2", "new-0"], "id": 2}, {"text": "door", "ori_id": 6, "id": 3, "name": "door", "children": [{"text": "door_frame", "name": "door_frame", "ori_id": 11, "objs": ["original-3"], "id": 4}], "objs": ["original-3"]}, {"text": "door", "ori_id": 7, "id": 5, "name": "door", "children": [{"text": "door_frame", "name": "door_frame", "ori_id": 10, "objs": ["original-2"], "id": 6}], "objs": ["original-2"]}], "objs": ["new-3", "new-2", "new-0", "original-3", "original-2"]}], "objs": ["new-3", "new-2", "new-0", "original-3", "original-2"]}]